Phenomenon,Precision (weighted avg),Recall (weighted avg),F1-score (weighted avg)
counting,0.48699832775919727,0.475,0.4753668763102725
monotonicity,0.417263986013986,0.425,0.41921685536276543
conditionals,0.3927083333333333,0.4125,0.3926598837209302
prepositions,0.36607142857142855,0.3625,0.3530642361111111
spatial data,0.3821572580645161,0.3125,0.3437908496732026
negation,0.36666666666666664,0.375,0.3332041343669251
boolean,0.3000333867521367,0.3375,0.3132366954695954
comparatives,0.34745454545454546,0.2625,0.28900227305701987
quantification,0.3664583333333334,0.225,0.2775910931174089
